{"_last_modified":[1501969193, 2], "description":["Nam quam nunc, blandit vel, luctus pulvinar, hendrerit id, lorem. Maecenas nec odio et ante tincidunt tempus. Donec vitae sapien ut libero venenatis faucibus.", 4], "_id":["earth_tremor", 4], "effect":[null, 0], "_display_name":["Earth Tremor", 4], "_class_name":["Spell", 4], "_class":["spell", 4], "_custom_properties":{}, "target":["All Enemies", 4], "_created":[1501968711, 3], "_persistent":[true, 1], "sound":[null, 0], "base_damage":[43, 2], "icon":["res://graphics/icon_spell_earth_tremor.png", 4], "name":["Earth Tremor", 4], "element":["earth", 4]}