{"_last_modified":[1501969193, 2], "description":["Etiam ultricies nisi vel augue. Curabitur ullamcorper ultricies nisi. Nam eget dui. Etiam rhoncus. Maecenas tempus, tellus eget condimentum rhoncus, sem quam semper libero, sit amet adipiscing sem neque sed ipsum.", 4], "_id":["water_splash", 4], "effect":[null, 0], "_display_name":["Water Splash", 4], "_class_name":["Spell", 4], "_class":["spell", 4], "_custom_properties":{}, "target":["One Enemy", 4], "_created":[1501968621, 3], "_persistent":[true, 1], "sound":[null, 0], "base_damage":[17, 3], "icon":["res://graphics/icon_spell_watersplash.png", 4], "name":["Water Splash", 4], "element":["water", 4]}