{"_last_modified":[1501969193, 2], "description":["Lorem ipsum dolor sit amet, consectetuer adipiscing elit. Aenean commodo ligula eget dolor. Aenean massa. Cum sociis natoque penatibus et magnis dis parturient montes, nascetur ridiculus mus. Donec quam felis, ultricies nec, pellentesque eu, pretium quis, sem. ", 4], "_id":["fireball", 4], "effect":[null, 0], "_display_name":["Fireball", 4], "_class_name":["Spell", 4], "_class":["spell", 4], "_custom_properties":{}, "target":["One Enemy", 4], "_created":[1501964007, 3], "_persistent":[true, 1], "sound":[null, 0], "base_damage":[10, 3], "icon":["res://graphics/icon_spell_fireball.png", 4], "name":["Fireball", 4], "element":["fire", 4]}