{"_last_modified":[1501969193, 2], "description":["Nullam dictum felis eu pede mollis pretium. Integer tincidunt. Cras dapibus. Vivamus elementum semper nisi. Aenean vulputate eleifend tellus. Aenean leo ligula, porttitor eu, consequat vitae, eleifend ac, enim.", 4], "_id":["storm", 4], "effect":[null, 0], "_display_name":["Storm", 4], "_class_name":["Spell", 4], "_class":["spell", 4], "_custom_properties":{}, "target":["One Enemy", 4], "_created":[1501968365, 3], "_persistent":[true, 1], "sound":[null, 0], "base_damage":[15, 3], "icon":["res://graphics/icon_spell_storm.png", 4], "name":["Storm", 4], "element":["wind", 4]}