{"_last_modified":[1501969193, 2], "description":["Nulla consequat massa quis enim. Donec pede justo, fringilla vel, aliquet nec, vulputate eget, arcu. In enim justo, rhoncus ut, imperdiet a, venenatis vitae, justo. ", 4], "_id":["wall_of_fire", 4], "effect":[null, 0], "_display_name":["Wall of Fire", 4], "_class_name":["Spell", 4], "_class":["spell", 4], "_custom_properties":{}, "target":["All Enemies", 4], "_created":[1501964040, 3], "_persistent":[true, 1], "sound":[null, 0], "base_damage":[16, 3], "icon":["res://graphics/icon_spell_wall_of_fire.png", 4], "name":["Wall of Fire", 4], "element":["fire", 4]}