{"_last_modified":[1501969193, 2], "description":["Aliquam lorem ante, dapibus in, viverra quis, feugiat a, tellus. Phasellus viverra nulla ut metus varius laoreet. Quisque rutrum. Aenean imperdiet.", 4], "_id":["water_bolt", 4], "effect":[null, 0], "_display_name":["Water Bolt", 4], "_class_name":["Spell", 4], "_class":["spell", 4], "_custom_properties":{}, "target":["One Enemy", 4], "_created":[1501968528, 3], "_persistent":[true, 1], "sound":[null, 0], "base_damage":[30, 2], "icon":["res://graphics/icon_spell_waterbolt.png", 4], "name":["Water Bolt", 4], "element":["water", 4]}